id,city_id,followers,following,created_at,updated_at
346687,0,2,2,2010-07-28,2024-11-26
404506,0,6,8,2010-09-17,2024-10-10
510444,,1,1,2010-12-05,2021-03-27
705308,0,51,36,2011-04-02,2024-11-21
755840,0,24,22,2011-04-28,2024-12-01
858200,0,0,2,2011-06-18,2025-01-03
943711,0,0,0,2011-07-28,2015-04-07
1238258,0,0,1,2011-12-03,2019-12-20
1238272,0,0,0,2011-12-03,2015-04-07
1238275,0,0,0,2011-12-03,2015-04-07
1238281,0,0,0,2011-12-03,2022-06-08
1238296,0,0,0,2011-12-03,2015-04-07
1241552,,0,0,2011-12-05,2024-10-22
1401510,0,3,1,2012-02-02,2025-01-09
1554715,,11,6,2012-03-19,2025-01-09
1572774,,2,5,2012-03-25,2024-09-02
1692858,0,28,18,2012-04-30,2024-12-20
2085965,,0,0,2012-08-02,2015-04-07
2129497,8,4,35,2012-08-10,2025-01-13
2580338,,3,7,2012-10-17,2024-12-16
2843256,,1,0,2012-11-20,2015-10-06
3097242,0,0,0,2012-12-21,2024-06-23
3441605,,0,0,2013-01-31,2024-09-06
3595515,0,0,2,2013-02-14,2024-10-19
3630303,0,0,0,2013-02-18,2024-04-25
3654686,,6,6,2013-02-21,2024-12-18
3806576,0,3,3,2013-03-08,2024-12-24
3826227,0,0,1,2013-03-10,2023-03-06
3955395,0,2,0,2013-03-24,2024-05-28
3973230,0,4,8,2013-03-26,2024-11-27
4129379,,0,0,2013-04-11,2016-02-27
4445541,0,0,0,2013-05-16,2019-12-19
4475142,0,44,26,2013-05-20,2025-01-07
4477245,0,4,5,2013-05-20,2022-11-23
4503513,0,1,0,2013-05-22,2021-06-02
4510183,0,0,0,2013-05-23,2016-02-27
4531215,,0,0,2013-05-26,2016-02-27
4592898,1,0,0,2013-06-02,2022-06-26
4643304,,19,11,2013-06-07,2025-01-03
4709879,0,4,1,2013-06-16,2021-10-14
4716778,0,1,0,2013-06-17,2024-04-12
4736850,0,0,0,2013-06-19,2016-02-27
4808798,,23,36,2013-06-24,2024-09-11
5019560,0,273,584,2013-07-16,2024-10-21
5039147,0,0,0,2013-07-18,2020-08-19
5045783,0,5,2,2013-07-19,2024-10-22
5047424,0,0,1,2013-07-19,2024-11-01
5120818,0,0,0,2013-07-30,2024-01-20
5333339,0,0,0,2013-08-28,2020-09-24
5718635,0,0,0,2013-10-18,2024-12-23
5908430,,0,7,2013-11-11,2024-09-17
5999078,,19,0,2013-11-21,2024-11-11
6130991,0,67,0,2013-12-07,2025-01-14
6144022,,6,6,2013-12-09,2024-11-21
6152014,0,0,1,2013-12-10,2025-01-13
6233728,0,3,9,2013-12-20,2025-01-08
6338572,0,0,0,2014-01-07,2023-10-13
6535422,,2,3,2014-01-29,2025-01-08
6548183,0,0,0,2014-01-30,2022-02-02
6551654,,0,0,2014-01-31,2020-08-05
6670085,,4,0,2014-02-13,2024-06-26
6688438,0,7,8,2014-02-15,2024-12-19
6787828,0,0,0,2014-02-25,2022-09-08
6823987,,43,21,2014-03-01,2024-12-15
6915391,0,0,0,2014-03-11,2021-02-22
6969148,,16,37,2014-03-16,2024-12-04
6969163,,0,0,2014-03-16,2021-10-22
6995340,0,3,8,2014-03-19,2025-01-02
6997214,0,0,4,2014-03-19,2016-06-04
7068535,0,8,10,2014-03-26,2024-12-28
7080071,0,0,0,2014-03-27,2016-02-27
7204760,0,0,1,2014-04-07,2024-10-16
7235738,,0,0,2014-04-09,2016-02-27
7243229,0,0,0,2014-04-09,2024-04-03
7244134,0,0,0,2014-04-09,2024-11-27
7290190,,0,0,2014-04-14,2016-02-27
7302358,0,0,1,2014-04-15,2024-03-22
7589719,,5,41,2014-05-15,2024-08-22
7591781,,0,0,2014-05-15,2016-02-27
7609797,,3,9,2014-05-17,2021-01-31
7645536,,0,0,2014-05-20,2016-02-27
7691358,0,24,40,2014-05-24,2025-01-13
7769689,,0,0,2014-06-02,2016-02-27
7800463,0,0,1,2014-06-05,2024-07-30
7803333,0,29,1,2014-06-05,2024-11-11
7911110,0,3,5,2014-06-17,2025-01-12
8029526,0,0,2,2014-06-30,2024-12-18
8059168,,0,0,2014-07-03,2016-07-11
8069196,0,1,0,2014-07-04,2017-01-07
8094131,0,0,0,2014-07-07,2016-02-27
8167004,0,0,0,2014-07-15,2023-07-28
8342748,,5,9,2014-08-03,2024-02-07
8362985,0,8,2,2014-08-05,2024-10-22
8392187,0,3,6,2014-08-08,2016-02-27
8420618,,2,1,2014-08-11,2016-02-27
8434472,0,0,0,2014-08-13,2014-08-13
8435818,0,9,15,2014-08-13,2016-02-27
8494091,0,3,2,2014-08-19,2016-02-26
8513088,,0,0,2014-08-21,2022-04-13
8559503,0,0,0,2014-08-26,2016-02-27
8768392,0,1,0,2014-09-14,2022-12-09
8783921,0,2,0,2014-09-15,2025-01-08
8825214,,2,14,2014-09-18,2025-01-11
8840165,0,0,6,2014-09-20,2024-10-20
8881986,0,0,0,2014-09-23,2024-10-10
8969075,,147,122,2014-09-30,2024-12-18
8999039,0,45,14,2014-10-02,2024-12-28
8999513,,0,5,2014-10-02,2024-10-03
9043223,0,1,6,2014-10-06,2024-08-27
9050002,0,0,0,2014-10-07,2014-10-07
9259308,0,0,0,2014-10-15,2023-10-19
9322404,0,0,0,2014-10-20,2015-03-17
9333187,0,0,0,2014-10-21,2020-08-03
9362127,0,3,3,2014-10-23,2024-03-20
9397472,0,0,1,2014-10-25,2024-10-16
9430785,3,1,0,2014-10-28,2016-02-27
9496788,0,4,21,2014-11-01,2024-11-05
9721057,0,3,3,2014-11-13,2024-10-30
9781670,0,1,0,2014-11-16,2023-10-13
9819921,0,3,3,2014-11-18,2024-12-12
10023220,0,3,10,2014-12-01,2024-06-04
10035726,,0,0,2014-12-01,2024-06-05
10071940,0,0,0,2014-12-04,2021-04-21
10192081,,0,0,2014-12-15,2024-08-27
10496524,,2,0,2015-01-12,2024-11-06
10538876,0,4,1,2015-01-14,2024-12-19
10654641,,6,10,2015-01-22,2023-11-17
10763752,,2,1,2015-01-29,2024-07-11
10852278,,1,0,2015-02-04,2024-04-28
10864249,,19,51,2015-02-05,2025-01-03
10880501,0,28,1,2015-02-06,2024-11-23
10881554,,0,0,2015-02-06,2023-06-15
10888023,0,5,8,2015-02-06,2025-01-07
10922795,,1,9,2015-02-09,2024-06-13
11079693,,10,7,2015-02-19,2024-07-22
11230500,,1,2,2015-02-27,2024-03-25
11247633,0,89,50,2015-02-28,2025-01-13
11255406,0,3,2,2015-03-01,2020-10-01
11262620,0,2,2,2015-03-02,2025-01-02
11368305,6,8,2,2015-03-07,2024-07-22
11401407,,0,0,2015-03-10,2016-02-28
11492577,0,0,0,2015-03-15,2020-10-07
11539064,0,1,0,2015-03-18,2024-09-26
11584640,0,4,9,2015-03-21,2024-12-21
11768427,0,0,2,2015-04-02,2024-12-02
11927641,0,3,2,2015-04-13,2023-12-27
11987675,0,33,25,2015-04-17,2024-10-26
12021468,0,81,100,2015-04-19,2024-12-19
12033296,0,12,12,2015-04-20,2024-12-21
12100397,0,24,27,2015-04-24,2024-12-13
12243288,,2,3,2015-05-04,2021-07-09
12348993,,1,0,2015-05-08,2016-02-28
12411682,,39,0,2015-05-12,2023-08-07
12594159,,0,0,2015-05-25,2024-12-24
12596808,,16,51,2015-05-25,2025-01-02
12608296,,1,0,2015-05-26,2020-06-20
12674539,,0,1,2015-05-30,2024-10-15
12690964,5,0,0,2015-06-01,2016-02-28
12692919,0,0,0,2015-06-01,2024-06-05
12703662,0,0,0,2015-06-01,2024-12-06
12964071,,11,31,2015-06-19,2024-12-09
13015969,0,1,0,2015-06-23,2024-11-27
13021754,,5,9,2015-06-23,2024-09-19
13223576,,1,0,2015-07-07,2020-05-28
13261750,0,0,3,2015-07-09,2024-10-25
13303659,0,0,9,2015-07-12,2022-05-27
13356453,,0,0,2015-07-15,2015-07-20
13402312,,0,5,2015-07-19,2025-01-08
13482373,0,120,86,2015-07-24,2024-11-08
13621066,0,25,46,2015-08-03,2025-01-13
13643179,8,3,8,2015-08-04,2024-10-08
13769987,5,15,3,2015-08-12,2024-12-16
13784462,0,0,0,2015-08-13,2024-09-02
13836260,0,5,5,2015-08-17,2024-08-15
13905475,,0,0,2015-08-21,2024-10-09
13968552,8,0,0,2015-08-25,2025-01-07
13984100,,63,104,2015-08-26,2024-12-28
14042840,,0,0,2015-08-30,2021-05-15
14114666,,5,4,2015-09-03,2024-12-31
14216355,0,0,0,2015-09-10,2016-02-28
14273351,,0,0,2015-09-14,2024-02-11
14326204,0,5,6,2015-09-17,2024-11-22
14326647,0,0,0,2015-09-17,2023-06-15
14886079,0,0,0,2015-09-29,2025-01-03
14886229,0,0,0,2015-09-29,2020-11-11
14894533,0,0,0,2015-09-29,2016-12-09
14907689,0,2,34,2015-09-30,2016-02-28
14910228,0,4,2,2015-09-30,2021-10-13
14937813,0,0,0,2015-10-02,2021-12-26
15047907,,4,38,2015-10-09,2022-03-14
15089428,0,0,0,2015-10-12,2016-02-28
15192264,0,6,4,2015-10-19,2024-11-18
15202121,,1,2,2015-10-19,2025-01-08
15206337,0,13,8,2015-10-20,2024-12-10
15213215,0,3,6,2015-10-20,2023-02-22
15256665,,7,8,2015-10-23,2025-01-13
15413104,0,3,1,2015-10-30,2024-05-10
15954190,0,0,1,2015-11-21,2023-10-06
15990102,,0,0,2015-11-23,2016-02-28
16305023,,29,23,2015-12-15,2024-12-28
16611541,0,12,8,2016-01-08,2025-01-01
16646217,,1,0,2016-01-11,2018-07-20
16683201,6,0,0,2016-01-13,2016-11-05
17021181,2,0,0,2016-02-02,2022-03-25
17209308,0,0,0,2016-02-12,2016-09-19
17267747,0,5,7,2016-02-16,2023-02-16
17293418,0,0,0,2016-02-17,2022-07-07
17307013,0,2,2,2016-02-18,2024-08-26
17466635,,0,0,2016-02-25,2024-11-11
17637439,,4,31,2016-03-04,2024-05-20
17989477,,9,37,2016-03-21,2024-11-20
18084264,0,0,0,2016-03-26,2024-12-17
18194047,0,11,7,2016-03-31,2024-11-26
18216969,0,3,18,2016-04-01,2025-01-10
18285082,0,28,123,2016-04-05,2024-11-09
18400142,0,274,46,2016-04-11,2025-01-13
18407118,0,0,0,2016-04-11,2020-03-28
18415360,0,11,24,2016-04-12,2024-02-21
18603314,0,19,85,2016-04-21,2024-12-22
18709463,0,2,5,2016-04-27,2025-01-08
18726326,,0,0,2016-04-28,2020-09-10
19157803,,0,0,2016-05-02,2016-05-02
19210598,,0,1,2016-05-05,2024-10-21
19254270,,20,36,2016-05-08,2024-12-19
19359776,0,48,49,2016-05-14,2024-12-26
19366367,,0,0,2016-05-14,2024-04-11
19436752,0,1,0,2016-05-18,2024-10-24
19644754,0,7,18,2016-05-30,2025-01-10
19708061,0,1,2,2016-06-02,2022-06-22
19786159,0,0,2,2016-06-06,2023-12-07
19816874,0,0,7,2016-06-08,2024-05-13
19908522,0,0,0,2016-06-13,2024-05-29
20014859,0,0,4,2016-06-18,2021-12-22
20244168,,4,1,2016-07-01,2024-11-22
20360517,,0,0,2016-07-08,2023-09-14
20440015,0,0,0,2016-07-13,2024-09-16
20453914,6,0,0,2016-07-14,2016-07-14
20488304,,12,14,2016-07-16,2024-11-19
20513587,0,20,9,2016-07-18,2025-01-09
20571696,0,12,15,2016-07-21,2025-01-06
20599605,0,2,16,2016-07-22,2024-12-16
20662186,0,25,26,2016-07-26,2024-07-14
20669844,,0,0,2016-07-26,2016-07-28
20702024,,13,37,2016-07-28,2024-11-19
20710519,0,3,3,2016-07-28,2024-09-26
20720292,,2,0,2016-07-29,2024-11-24
20819246,,2,4,2016-08-03,2024-08-25
20823137,0,0,0,2016-08-03,2022-01-09
20905674,,13,4,2016-08-08,2025-01-12
21008078,,1,1,2016-08-13,2024-09-07
21030639,,0,0,2016-08-15,2021-02-01
21140773,0,0,0,2016-08-20,2016-08-20
21173591,0,0,0,2016-08-22,2016-08-31
21173667,0,0,0,2016-08-22,2022-07-31
21173712,0,2,2,2016-08-22,2024-11-26
21173725,0,0,0,2016-08-22,2024-11-11
21192973,0,6,23,2016-08-23,2024-12-11
21193374,,2,0,2016-08-23,2025-01-12
21215054,,0,0,2016-08-24,2016-08-24
21338448,0,0,0,2016-08-30,2016-08-30
21342696,0,5,21,2016-08-30,2024-12-12
22010172,,2,3,2016-09-05,2024-10-07
22028176,,0,1,2016-09-06,2025-01-08
22245869,5,30,38,2016-09-16,2025-01-13
22305507,0,0,0,2016-09-19,2021-04-26
22320756,0,1,0,2016-09-20,2017-08-21
22327331,,0,2,2016-09-20,2024-11-04
22341964,0,16,39,2016-09-21,2024-11-20
22344536,0,0,0,2016-09-21,2020-10-04
22374063,0,11,8,2016-09-22,2024-12-09
22524099,0,0,8,2016-09-29,2025-01-03
22546608,,0,0,2016-09-30,2016-09-30
22590615,,0,0,2016-10-03,2024-08-27
22592370,,4,2,2016-10-03,2024-10-07
22597065,0,4,4,2016-10-03,2024-08-29
22640209,0,2,0,2016-10-05,2024-09-15
22657992,0,14,13,2016-10-06,2024-12-24
22690816,,0,0,2016-10-07,2024-12-20
22708869,0,0,0,2016-10-08,2016-10-12
22891380,,0,1,2016-10-17,2020-03-09
22938962,,3,7,2016-10-19,2024-10-11
23185608,0,43,54,2016-11-01,2024-12-18
23280298,,0,0,2016-11-05,2022-02-07
23450230,0,0,0,2016-11-14,2017-07-02
23471059,,0,0,2016-11-15,2024-09-02
23504226,,0,0,2016-11-16,2016-11-16
23555833,0,21,35,2016-11-18,2024-10-02
23740775,0,77,44,2016-11-25,2024-02-03
23740856,0,30,26,2016-11-25,2024-12-09
24277044,,2,8,2016-11-30,2024-06-22
24382601,0,1,2,2016-12-05,2024-03-15
24395031,0,5,14,2016-12-05,2024-12-01
24415579,,5,10,2016-12-06,2025-01-07
24649838,,0,0,2016-12-19,2022-09-14
24765887,,8,0,2016-12-25,2025-01-13
24766978,0,4,6,2016-12-25,2025-01-10
24790605,,0,0,2016-12-27,2017-01-20
24827083,0,2,5,2016-12-29,2023-07-30
24876371,,0,0,2017-01-02,2017-01-11
24903262,0,0,1,2017-01-03,2024-12-17
24928542,0,5,5,2017-01-05,2024-05-21
24961647,0,8,3,2017-01-06,2024-12-25
25033468,,0,0,2017-01-10,2018-11-19
25073518,0,2,16,2017-01-12,2024-12-21
25107827,0,0,1,2017-01-13,2024-10-18
25184743,0,0,1,2017-01-17,2023-11-30
25220784,,0,8,2017-01-19,2021-12-01
25408008,,0,0,2017-01-28,2020-08-16
25586893,,0,0,2017-02-06,2024-11-14
25661908,0,4,9,2017-02-09,2025-01-06
25786689,0,7,0,2017-02-15,2017-02-15
25800161,,1,2,2017-02-15,2023-08-07
25843851,,2,7,2017-02-17,2024-12-21
25931668,,3,2,2017-02-21,2023-10-13
25931737,,0,0,2017-02-21,2021-08-31
25981029,,0,0,2017-02-23,2023-04-25
25992878,,0,0,2017-02-24,2017-08-17
26020971,,0,0,2017-02-25,2025-01-01
26120352,0,0,2,2017-03-01,2021-07-15
26214872,0,3,2,2017-03-06,2024-12-18
26296578,0,0,1,2017-03-09,2023-11-23
26362991,,2,8,2017-03-12,2025-01-14
26549683,0,0,0,2017-03-20,2023-01-12
26558566,,0,0,2017-03-21,2017-03-21
26708649,,7,21,2017-03-27,2024-12-17
26734195,,0,0,2017-03-28,2017-03-28
26787752,0,0,1,2017-03-30,2021-04-19
26844915,,55,120,2017-04-01,2025-01-11
26899994,0,2,0,2017-04-04,2024-11-18
26909784,0,0,1,2017-04-04,2019-05-18
27003946,0,1,1,2017-04-07,2017-04-07
27234174,0,0,0,2017-04-10,2023-10-24
27306140,,1,4,2017-04-11,2023-10-20
27340179,0,0,0,2017-04-12,2019-05-02
27642985,0,4,8,2017-04-16,2024-12-06
27668113,0,0,0,2017-04-17,2017-04-17
27702507,0,0,0,2017-04-17,2024-11-14
27731089,0,1,1,2017-04-18,2024-05-14
27733133,,3,14,2017-04-18,2024-12-04
27741772,0,0,0,2017-04-18,2024-10-12
27770901,0,2,1,2017-04-19,2024-12-26
27965287,4,7,9,2017-04-24,2024-12-08
28258862,0,11,15,2017-05-01,2024-11-06
28476353,,0,0,2017-05-06,2024-12-23
28514526,,2,7,2017-05-07,2024-12-11
28622477,,0,0,2017-05-11,2023-06-15
28630297,3,0,0,2017-05-11,2024-07-22
28735704,,5,0,2017-05-16,2024-12-17
28783718,,0,0,2017-05-18,2024-07-19
28859908,0,0,0,2017-05-22,2024-01-02
28985401,,6,55,2017-05-26,2025-01-03
29012453,0,1,1,2017-05-28,2022-03-20
29086237,0,0,1,2017-05-31,2024-10-09
29178934,0,0,2,2017-06-04,2024-07-24
29215043,0,11,0,2017-06-05,2021-10-20
29462510,,0,2,2017-06-15,2024-12-12
29792912,0,0,0,2017-06-30,2022-03-24
29806633,,0,0,2017-06-30,2024-10-22
29928699,0,0,1,2017-07-05,2022-12-26
29987327,,0,0,2017-07-07,2017-07-07
30027374,0,0,0,2017-07-09,2020-09-11
30077420,0,2,0,2017-07-11,2023-07-17
30090160,,0,1,2017-07-11,2023-10-09
30260890,,1,4,2017-07-18,2024-09-25
30470437,0,0,0,2017-07-26,2020-11-30
30502046,0,0,0,2017-07-27,2017-07-27
30517177,,0,1,2017-07-28,2023-10-21
30523874,0,2,2,2017-07-28,2024-09-26
30528631,6,0,1,2017-07-28,2023-06-28
30689866,0,5,3,2017-08-03,2024-12-19
31000619,0,8,1,2017-08-14,2025-01-05
31018799,0,0,0,2017-08-14,2018-04-08
31033591,0,15,34,2017-08-15,2025-01-12
31039500,0,0,2,2017-08-15,2023-06-06
31217604,,5,3,2017-08-21,2024-12-17
31235492,0,10,10,2017-08-22,2023-07-10
31236928,0,35,28,2017-08-22,2024-11-26
31237771,0,11,5,2017-08-22,2025-01-02
31238878,0,31,30,2017-08-22,2025-01-03
31242188,,25,32,2017-08-22,2025-01-01
31246918,0,31,58,2017-08-22,2024-11-30
31260297,0,19,50,2017-08-22,2025-01-13
31282507,6,3,6,2017-08-23,2024-11-26
31302838,0,0,0,2017-08-24,2017-08-24
31362149,0,27,4,2017-08-26,2020-05-19
31407020,,3,3,2017-08-28,2020-09-22
31408474,,40,79,2017-08-28,2025-01-04
31442449,0,10,9,2017-08-29,2019-10-17
31477051,9,3,12,2017-08-30,2020-07-15
31516502,0,0,1,2017-08-31,2023-07-03
31533519,,3,2,2017-09-01,2020-06-05
31686963,,1,1,2017-09-06,2022-10-28
31694259,,1,1,2017-09-06,2021-05-18
31759362,0,0,0,2017-09-08,2024-12-29
31899027,0,4,3,2017-09-12,2025-01-14
31945644,5,4,5,2017-09-14,2025-01-06
31945681,5,1,0,2017-09-14,2022-08-20
31982614,,0,1,2017-09-15,2024-08-27
32058262,0,6,4,2017-09-18,2024-06-11
32066945,0,14,36,2017-09-18,2024-09-30
32170223,0,0,0,2017-09-21,2021-06-03
32215152,0,3,0,2017-09-23,2024-12-02
32295997,0,0,0,2017-09-26,2024-12-23
32304877,10,1,0,2017-09-26,2021-02-08
32305442,0,2,0,2017-09-26,2022-07-12
32419747,0,0,1,2017-09-30,2021-06-15
32432355,10,0,0,2017-10-01,2023-09-28
32514855,0,13,15,2017-10-04,2024-07-03
32597978,0,0,0,2017-10-07,2025-01-10
32665277,0,0,3,2017-10-10,2021-05-07
32742390,0,2,1,2017-10-12,2024-12-25
32770980,0,0,0,2017-10-13,2024-07-17
32927860,0,0,0,2017-10-19,2023-08-29
32933071,,0,0,2017-10-19,2017-10-19
32957616,0,0,0,2017-10-20,2022-05-29
33057315,,0,0,2017-10-24,2025-01-06
33373038,0,2,3,2017-11-04,2023-06-17
33562041,0,6,0,2017-11-11,2023-09-29
33597440,,1,2,2017-11-12,2024-03-13
33627064,,2,2,2017-11-13,2023-09-05
33693074,0,5,3,2017-11-15,2023-02-01
33702490,0,48,48,2017-11-15,2025-01-03
33719430,0,0,1,2017-11-16,2023-01-26
33749746,,0,0,2017-11-17,2017-11-17
33831855,0,21,19,2017-11-20,2024-07-19
33861085,,42,20,2017-11-21,2024-12-18
33871687,,1,0,2017-11-21,2024-02-06
33907720,0,0,0,2017-11-22,2024-11-15
33947391,0,10,1,2017-11-24,2022-09-14
33977992,,28,22,2017-11-25,2025-01-02
33984632,,0,0,2017-11-25,2017-11-25
34067013,,0,0,2017-11-28,2024-10-24
34164669,0,0,1,2017-12-01,2025-01-03
34401880,0,0,0,2017-12-09,2022-08-17
34671981,,1,1,2017-12-19,2024-12-21
34682825,,7,0,2017-12-19,2024-10-30
34716207,0,0,2,2017-12-20,2022-11-23
34800399,,0,0,2017-12-23,2024-09-27
34924212,0,12,13,2017-12-28,2025-01-06
35003387,0,3,0,2018-01-01,2024-09-29
35046818,0,14,12,2018-01-02,2024-09-17
35137020,0,6,3,2018-01-05,2024-10-20
35253108,0,0,0,2018-01-09,2020-11-06
35785555,,0,0,2018-01-24,2019-11-21
35900188,0,0,1,2018-01-28,2025-01-13
35953505,,0,0,2018-01-30,2024-11-05
36140262,,0,3,2018-02-04,2021-03-23
36192225,,0,3,2018-02-06,2024-10-17
36200227,0,0,0,2018-02-06,2023-09-27
36237054,,13,18,2018-02-07,2024-12-20
36265803,0,0,1,2018-02-08,2024-08-21
36325257,,11,8,2018-02-10,2024-10-10
36434948,,0,4,2018-02-13,2020-11-19
36468354,0,0,1,2018-02-14,2025-01-07
36483200,0,0,0,2018-02-14,2024-05-06
36505998,3,2,3,2018-02-15,2024-10-21
36619381,,0,0,2018-02-19,2024-11-28
36689259,,0,0,2018-02-21,2018-02-22
36806251,,0,0,2018-02-25,2024-01-07
36819440,0,0,0,2018-02-25,2023-06-08
36850693,0,1,0,2018-02-26,2024-08-05
36881559,,8,17,2018-02-27,2024-09-30
36961083,0,0,0,2018-03-01,2023-08-07
37018899,0,0,0,2018-03-03,2024-10-11
37202115,0,0,0,2018-03-09,2018-03-09
37243873,,53,28,2018-03-10,2025-01-07
37272945,0,13,0,2018-03-11,2020-11-20
37326584,1,1,5,2018-03-13,2023-02-06
37329682,,0,0,2018-03-13,2018-04-10
37635729,0,79,197,2018-03-21,2024-12-17
37686832,,3,11,2018-03-23,2024-06-25
37707479,0,19,19,2018-03-23,2024-03-16
37711548,0,0,0,2018-03-23,2021-07-21
37825988,1,0,1,2018-03-27,2024-06-01
38020305,0,53,30,2018-04-02,2024-12-24
38070519,0,5,4,2018-04-04,2024-08-08
38094400,,1,2,2018-04-05,2022-06-23
38291490,,17,25,2018-04-11,2023-11-21
38292962,,3,11,2018-04-11,2024-11-21
38326420,0,1,1,2018-04-12,2022-12-09
38478347,,5,0,2018-04-17,2022-04-26
38525892,0,4,8,2018-04-19,2023-02-09
38621369,0,0,0,2018-04-22,2018-07-20
38621405,0,37,31,2018-04-22,2023-05-30
38725549,0,0,0,2018-04-25,2018-04-25
38946066,,1,14,2018-05-03,2024-12-02
39158156,4,0,0,2018-05-10,2018-10-15
39172682,0,7,7,2018-05-10,2024-06-04
39244010,0,17,13,2018-05-13,2025-01-11
39433197,0,0,2,2018-05-19,2023-01-26
39593211,0,0,0,2018-05-24,2020-01-30
39657623,,16,13,2018-05-26,2024-12-05
39722342,,0,2,2018-05-29,2021-07-21
39738870,0,1,0,2018-05-29,2023-01-02
39951469,,2,5,2018-06-05,2023-11-03
39991868,,0,0,2018-06-06,2021-06-02
40000916,0,23,37,2018-06-06,2024-05-04
40174805,,58,49,2018-06-11,2024-08-06
40181269,0,13,5,2018-06-11,2025-01-03
40224762,0,457,35,2018-06-13,2025-01-01
40237204,,19,30,2018-06-13,2024-12-29
40247233,0,0,0,2018-06-13,2025-01-11
40491312,0,1,1,2018-06-22,2024-12-26
40526175,0,0,0,2018-06-23,2022-12-11
40589687,,0,0,2018-06-26,2022-09-26
40593690,8,0,8,2018-06-26,2024-04-08
40625547,,6,5,2018-06-27,2025-01-13
40658328,0,23,13,2018-06-28,2024-11-12
40965041,,1,4,2018-07-08,2025-01-09
41387799,,0,0,2018-07-18,2023-05-26
41474457,0,0,0,2018-07-20,2018-07-20
41486295,,1,1,2018-07-20,2025-01-03
41781294,0,0,0,2018-07-27,2023-10-02
41828713,,5,6,2018-07-28,2024-12-17
41967397,,18,18,2018-07-31,2024-11-14
41967811,0,45,55,2018-07-31,2024-12-31
42029482,,0,0,2018-08-02,2020-08-05
42133050,,0,0,2018-08-06,2024-12-17
42138007,0,4,8,2018-08-06,2024-10-16
42249792,,1,2,2018-08-09,2022-09-18
42283125,,1,4,2018-08-10,2024-12-22
42285178,,1,3,2018-08-11,2024-03-30
42302155,,2,1,2018-08-11,2024-11-15
42326571,0,2,6,2018-08-12,2024-07-21
42369785,0,0,0,2018-08-14,2019-08-02
42444624,0,7,5,2018-08-16,2022-12-01
42444957,0,39,57,2018-08-16,2024-07-02
42467511,0,10,4,2018-08-17,2020-04-05
42467879,0,26,58,2018-08-17,2024-06-05
42474200,0,7,5,2018-08-17,2024-11-13
42480265,0,31,50,2018-08-17,2024-07-31
42514329,,0,0,2018-08-19,2018-09-22
42523503,0,8,16,2018-08-19,2023-04-22
42525101,0,23,3,2018-08-20,2023-09-21
42549629,,4,14,2018-08-20,2024-12-04
42620788,,0,0,2018-08-22,2024-10-23
42754835,0,3,4,2018-08-27,2024-11-07
43109400,0,0,0,2018-09-09,2021-11-19
43118662,,0,0,2018-09-09,2018-09-09
43201355,0,0,0,2018-09-12,2018-09-12
43210563,,1,0,2018-09-12,2024-12-19
43370602,,8,9,2018-09-18,2024-03-20
43378132,0,0,0,2018-09-18,2020-04-14
43734209,0,6,11,2018-10-01,2024-11-27
43747467,,33,19,2018-10-01,2024-12-27
43817914,,0,0,2018-10-03,2023-02-27
43821098,,5,14,2018-10-03,2025-01-08
43821186,0,18,26,2018-10-03,2025-01-02
43821712,0,13,15,2018-10-03,2023-08-26
43958695,,49,89,2018-10-08,2024-12-08
43968882,0,0,0,2018-10-08,2022-06-08
43994481,0,6,3,2018-10-09,2024-06-19
44169298,0,2,0,2018-10-15,2024-06-18
44199686,,4,3,2018-10-16,2024-08-14
44263403,0,0,0,2018-10-18,2024-12-16
44291462,,0,0,2018-10-19,2025-01-09
44292931,0,11,9,2018-10-19,2024-11-19
44316750,,0,1,2018-10-20,2023-06-29
44390449,0,0,0,2018-10-23,2018-12-22
44422949,0,0,2,2018-10-24,2023-09-11
44497540,0,29,26,2018-10-26,2024-10-12
44563964,0,16,6,2018-10-29,2025-01-09
44651421,0,4,2,2018-10-31,2025-01-12
44772199,,4,5,2018-11-05,2025-01-12
44864959,0,7,8,2018-11-08,2023-03-22
45214105,0,3,4,2018-11-20,2019-05-15
45265091,0,2,1,2018-11-22,2019-02-13
45293066,0,6,6,2018-11-23,2025-01-04
45297854,0,0,0,2018-11-23,2018-11-23
45578804,,5,6,2018-12-03,2025-01-04
45593347,0,17,6,2018-12-04,2024-09-18
45792465,0,0,0,2018-12-11,2024-08-09
45899321,2,0,1,2018-12-15,2022-05-06
46009152,5,3,0,2018-12-19,2022-08-31
46033905,,0,0,2018-12-20,2021-01-13
46064302,0,1,1,2018-12-22,2022-09-07
46064379,0,0,0,2018-12-22,2020-09-02
46070272,0,0,1,2018-12-22,2021-08-29
46302322,0,19,10,2019-01-01,2024-08-07
46322274,,84,92,2019-01-02,2024-11-10
46411490,,5,8,2019-01-06,2024-05-24
46556049,,4,14,2019-01-10,2024-03-18
46570027,8,1,3,2019-01-10,2024-08-12
46646020,,0,0,2019-01-13,2019-04-02
46673118,6,1,5,2019-01-14,2024-05-18
46774978,,0,0,2019-01-17,2019-03-31
46866566,,0,1,2019-01-20,2024-10-22
47160679,,0,0,2019-01-29,2023-04-27
47382637,,1,0,2019-02-06,2023-07-05
47387872,,0,0,2019-02-06,2019-02-06
47447576,0,4,2,2019-02-08,2024-11-18
47623796,0,2,1,2019-02-14,2020-04-24
47686334,0,0,0,2019-02-16,2024-11-25
47694778,,0,0,2019-02-16,2024-12-30
47828211,,2,20,2019-02-20,2021-08-09
47873309,,8,13,2019-02-22,2022-09-27
48048345,,0,0,2019-02-27,2024-12-30
48277037,,5,8,2019-03-06,2024-04-12
48513727,0,2,2,2019-03-13,2023-09-11
48681631,0,0,0,2019-03-18,2023-12-01
48757536,0,19,67,2019-03-20,2024-10-14
48864686,0,24,17,2019-03-23,2025-01-13
48884308,,0,0,2019-03-24,2019-09-14
48907382,,2,6,2019-03-25,2024-12-14
48980408,0,1,4,2019-03-27,2024-11-13
49056853,0,4,2,2019-03-29,2025-01-10
49088759,0,0,0,2019-03-30,2019-05-04
49094233,,1,1,2019-03-30,2024-08-27
49094323,,8,7,2019-03-30,2024-11-22
49195303,0,6,10,2019-04-02,2023-12-21
49229064,0,0,1,2019-04-03,2022-07-15
49237556,,0,0,2019-04-03,2022-04-04
49272982,0,0,0,2019-04-04,2024-11-19
49280636,,3,0,2019-04-04,2021-06-21
49291509,0,24,54,2019-04-04,2024-12-05
49428431,0,1,3,2019-04-09,2022-07-14
49486334,0,4,2,2019-04-10,2020-04-01
49514817,0,0,4,2019-04-11,2021-09-17
49683080,,0,0,2019-04-16,2020-11-21
49757028,,7,1,2019-04-18,2024-12-09
49800473,0,34,17,2019-04-20,2024-07-30
49845282,,0,0,2019-04-21,2022-11-11
49872383,0,1,0,2019-04-22,2024-07-15
50014667,0,1,2,2019-04-26,2024-11-21
50020723,0,27,18,2019-04-26,2021-11-29
50020919,0,6,1,2019-04-26,2024-12-31
50044807,0,24,17,2019-04-27,2021-12-08
50153377,,7,9,2019-04-30,2021-11-30
50169396,8,0,0,2019-05-01,2023-12-18
50258634,,7,1,2019-05-04,2024-10-17
50259548,,9,5,2019-05-04,2024-06-02
50483524,0,0,4,2019-05-10,2025-01-12
50568515,0,49,59,2019-05-13,2025-01-02
50595168,0,0,0,2019-05-13,2024-07-10
50633934,0,0,0,2019-05-14,2019-05-14
50636981,,2,2,2019-05-14,2024-07-01
50638164,0,2,0,2019-05-14,2025-01-03
50657023,6,4,13,2019-05-15,2024-10-03
50747027,,0,5,2019-05-17,2024-07-28
50841535,,9,14,2019-05-20,2023-08-09
50871855,3,0,1,2019-05-21,2023-10-31
51007331,,0,1,2019-05-24,2024-10-01
51023438,,0,0,2019-05-25,2023-09-19
51060760,0,0,0,2019-05-26,2024-10-28
51079890,,0,0,2019-05-27,2019-05-27
51121224,,1,2,2019-05-28,2022-01-11
51226601,0,10,8,2019-05-31,2025-01-07
51335186,,0,0,2019-06-03,2019-06-03
51425063,,2,3,2019-06-05,2020-06-21
51747370,0,0,0,2019-06-12,2023-02-15
51825398,0,0,5,2019-06-14,2025-01-13
51888528,,1,0,2019-06-16,2024-11-04
51890460,,9,10,2019-06-16,2023-06-25
51932935,0,24,10,2019-06-17,2025-01-12
51958179,,10,7,2019-06-18,2024-11-21
51973867,,1,2,2019-06-18,2021-11-02
52048646,,0,0,2019-06-20,2020-04-16
52072123,,0,1,2019-06-21,2023-11-13
52320920,,1,13,2019-06-28,2024-06-29
52324498,0,3,8,2019-06-28,2024-09-28
52335619,6,0,0,2019-06-28,2019-06-28
52411224,0,2,3,2019-07-01,2022-11-28
52429385,0,0,0,2019-07-01,2020-01-23
52431348,,3,0,2019-07-01,2023-02-03
52455921,,3,22,2019-07-02,2022-02-10
52500235,0,18,13,2019-07-03,2024-06-28
52585849,,18,1,2019-07-05,2025-01-12
52585869,,5,0,2019-07-05,2025-01-09
52595409,1,12,6,2019-07-06,2024-11-13
52595419,0,3,4,2019-07-06,2019-09-30
52595445,,25,15,2019-07-06,2023-10-30
52691990,0,10,5,2019-07-09,2022-02-09
52712652,0,33,24,2019-07-09,2024-12-31
52815019,,7,5,2019-07-12,2024-11-17
52851074,0,0,2,2019-07-13,2020-10-02
52852911,0,0,0,2019-07-13,2021-11-27
52852981,,2,0,2019-07-13,2020-12-02
52853174,0,4,8,2019-07-13,2024-12-15
52857132,0,18,37,2019-07-13,2025-01-12
52909124,,0,0,2019-07-15,2019-09-01
52931687,0,10,7,2019-07-15,2023-12-18
52937236,0,1,0,2019-07-15,2019-07-15
52966432,0,1,1,2019-07-16,2024-11-27
52980330,,9,4,2019-07-16,2025-01-09
52997625,,0,0,2019-07-17,2019-07-17
53053088,0,0,0,2019-07-18,2022-04-23
53053984,0,0,0,2019-07-18,2024-12-03
53083311,0,0,0,2019-07-19,2019-07-19
53153255,,0,0,2019-07-21,2021-09-14
53174794,,0,0,2019-07-22,2020-06-03
53215893,5,3,1,2019-07-23,2024-07-08
53242201,,0,0,2019-07-24,2019-08-10
53300905,,0,0,2019-07-25,2019-07-25
53312861,,24,6,2019-07-25,2024-09-25
53355843,8,0,0,2019-07-26,2023-12-11
53468037,,4,4,2019-07-30,2025-01-09
53484528,10,0,0,2019-07-30,2023-03-17
53570550,,11,7,2019-08-01,2024-12-22
53660537,0,0,0,2019-08-03,2020-11-26
53759072,,0,0,2019-08-05,2023-01-19
53784872,0,8,12,2019-08-05,2025-01-09
53790917,,15,7,2019-08-05,2024-12-14
53791616,,14,14,2019-08-05,2024-06-20
53799280,,0,0,2019-08-05,2024-11-30
53871338,1,5,3,2019-08-07,2019-08-13
54008441,0,6,18,2019-08-11,2024-12-14
54041357,0,90,111,2019-08-12,2025-01-11
54121865,,19,27,2019-08-14,2024-01-24
54165291,0,30,55,2019-08-16,2024-12-12
54168104,,10,4,2019-08-16,2024-08-06
54174158,,3,7,2019-08-16,2019-09-23
54180818,0,2,1,2019-08-16,2019-08-19
54224408,0,2,4,2019-08-18,2025-01-13
54266190,0,1,7,2019-08-19,2020-05-19
54271680,,1,3,2019-08-19,2024-06-05
54271761,0,4,3,2019-08-19,2024-12-28
54271987,0,4,5,2019-08-19,2022-02-16
54272000,0,19,25,2019-08-19,2024-11-30
54272043,0,4,10,2019-08-19,2024-11-26
54272062,0,15,15,2019-08-19,2025-01-12
54274319,0,3,0,2019-08-19,2022-05-10
54285917,0,30,36,2019-08-19,2024-10-10
54287793,0,3,3,2019-08-19,2024-02-09
54528607,0,27,21,2019-08-26,2022-02-22
54539661,0,0,0,2019-08-26,2019-08-26
54542992,0,2,10,2019-08-26,2021-09-02
54623535,,1,4,2019-08-28,2023-11-27
54636889,,0,1,2019-08-28,2024-02-21
54830544,0,12,13,2019-09-03,2025-01-05
54903338,,2,21,2019-09-04,2024-12-23
55026292,,20,35,2019-09-07,2025-01-13
55078238,0,2,2,2019-09-09,2024-11-13
55183452,,1,1,2019-09-11,2019-09-18
55235902,0,6,8,2019-09-12,2024-11-08
55236251,,2,0,2019-09-12,2024-10-11
55366277,,0,0,2019-09-15,2024-12-27
55388831,0,0,0,2019-09-16,2024-02-02
55478805,0,156,212,2019-09-18,2024-09-26
55548276,,0,3,2019-09-19,2024-02-07
55550145,,6,6,2019-09-19,2025-01-09
55618869,,0,0,2019-09-21,2020-07-14
55765693,0,21,36,2019-09-24,2025-01-13
55798012,0,0,0,2019-09-25,2021-11-23
55844517,0,11,15,2019-09-26,2024-12-13
55860970,0,27,26,2019-09-27,2024-01-01
55871338,,4,2,2019-09-27,2025-01-13
55871349,0,0,2,2019-09-27,2024-09-18
56072001,0,0,1,2019-10-02,2023-10-09
56187504,0,2,1,2019-10-05,2023-03-22
56188470,0,138,139,2019-10-05,2024-12-21
56219516,0,6,0,2019-10-06,2021-09-09
56372287,0,4,0,2019-10-10,2024-07-08
56389935,0,0,0,2019-10-10,2024-12-06
56450813,0,12,9,2019-10-11,2024-11-10
56542586,0,4,9,2019-10-14,2021-10-12
56656353,0,0,1,2019-10-16,2024-07-11
56685064,5,0,1,2019-10-17,2024-12-27
56694801,7,0,0,2019-10-17,2024-06-21
56705157,1,36,33,2019-10-18,2024-12-27
56709665,0,27,23,2019-10-18,2024-09-10
56931285,0,8,12,2019-10-23,2024-12-31
56935769,5,14,23,2019-10-23,2024-05-02
56992852,0,13,13,2019-10-25,2023-09-28
56995258,,4,2,2019-10-25,2024-12-24
56996622,0,3,2,2019-10-25,2024-12-26
57003335,0,0,0,2019-10-25,2022-10-26
57021858,,0,2,2019-10-25,2022-11-16
57040375,,0,0,2019-10-26,2025-01-07
57046729,,11,10,2019-10-26,2024-11-18
57064616,0,21,35,2019-10-27,2024-09-06
57067767,0,0,0,2019-10-27,2024-12-18
57071122,0,0,0,2019-10-27,2024-12-19
57239855,,0,0,2019-10-31,2019-11-01
57298075,0,0,0,2019-11-02,2025-01-10
57323032,,0,1,2019-11-03,2019-12-14
57417802,,32,80,2019-11-05,2025-01-09
57498621,0,0,1,2019-11-07,2024-12-31
57520572,0,0,0,2019-11-08,2024-07-22
57524714,,0,1,2019-11-08,2024-12-13
57525098,0,0,0,2019-11-08,2020-10-25
57590260,0,57,38,2019-11-10,2025-01-07
57725103,,4,8,2019-11-13,2025-01-09
57804368,,0,0,2019-11-15,2022-09-14
57901563,0,2,1,2019-11-18,2024-09-02
57982422,,7,13,2019-11-20,2023-04-16
57997464,0,1,11,2019-11-20,2024-12-03
58065381,0,9,6,2019-11-22,2022-06-20
58152540,,0,0,2019-11-24,2024-03-01
58217023,,2,3,2019-11-26,2025-01-07
58298580,0,43,40,2019-11-28,2024-11-18
58364586,0,12,41,2019-11-30,2025-01-13
58387288,,2,2,2019-12-01,2025-01-06
58455761,0,0,1,2019-12-03,2024-02-09
58469276,0,6,6,2019-12-03,2021-12-26
58469683,,4,6,2019-12-03,2023-08-21
58486362,,0,1,2019-12-03,2023-06-19
58500613,0,10,11,2019-12-04,2024-08-12
58504423,0,9,1,2019-12-04,2024-04-24
58671175,,0,6,2019-12-08,2021-05-09
58692187,,1,0,2019-12-09,2022-08-03
58696746,0,9,7,2019-12-09,2025-01-13
58832119,0,4,3,2019-12-12,2024-10-16
59062594,,9,35,2019-12-19,2024-12-05
59086888,0,0,0,2019-12-20,2023-07-16
59121880,0,6,10,2019-12-21,2024-12-24
59201678,,0,0,2019-12-24,2023-02-27
59231039,0,1,2,2019-12-25,2023-06-22
59252824,,0,0,2019-12-26,2019-12-26
59319237,0,0,5,2019-12-28,2025-01-03
59437882,0,1,3,2020-01-02,2024-06-08
59515230,0,0,0,2020-01-04,2020-01-04
59701060,0,0,0,2020-01-09,2020-01-09
59767992,,7,9,2020-01-11,2024-04-10
59817111,0,0,0,2020-01-13,2024-09-26
59863398,0,7,7,2020-01-14,2023-05-10
59863568,0,0,2,2020-01-14,2023-11-05
59915519,,9,12,2020-01-15,2024-08-08
59961857,0,66,49,2020-01-16,2025-01-03
60090684,1,0,0,2020-01-20,2023-11-27
60504589,0,0,0,2020-01-31,2022-11-20
60569881,,1,7,2020-02-02,2022-10-02
60631114,0,0,0,2020-02-03,2024-12-29
60694529,0,0,0,2020-02-05,2021-01-19
60866090,,0,1,2020-02-10,2024-09-26
61078220,,0,0,2020-02-15,2020-02-15
61278473,0,0,1,2020-02-20,2024-07-24
61432626,5,2,11,2020-02-24,2024-02-04
61438238,8,0,0,2020-02-24,2020-03-09
61491022,0,0,0,2020-02-26,2020-02-27
61553157,,0,0,2020-02-27,2021-06-17
61561058,0,7,26,2020-02-27,2023-07-10
61581831,0,0,0,2020-02-28,2023-01-31
61600012,,0,0,2020-02-28,2020-02-28
61727729,0,0,0,2020-03-03,2024-12-14
61735196,,4,4,2020-03-03,2024-11-29
61740447,0,8,16,2020-03-03,2024-08-16
62159240,,0,0,2020-03-13,2021-07-14
62216024,0,0,0,2020-03-15,2021-04-11
62303427,,0,0,2020-03-17,2022-12-13
62395756,,1,0,2020-03-19,2021-01-14
62499791,0,0,0,2020-03-22,2023-10-25
62506418,0,0,1,2020-03-22,2021-03-23
62592617,0,1,3,2020-03-24,2023-12-05
62618676,,7,6,2020-03-24,2025-01-13
62635088,,0,0,2020-03-25,2024-09-02
62674418,,133,34,2020-03-25,2025-01-12
62728029,,6,4,2020-03-26,2024-01-21
62776977,,297,629,2020-03-27,2024-09-10
62788463,0,0,0,2020-03-28,2023-03-15
63102617,0,0,0,2020-04-03,2020-05-14
63123099,0,0,0,2020-04-03,2020-07-03
63150230,0,0,2,2020-04-04,2022-07-17
63256494,,0,1,2020-04-06,2023-11-28
63426852,0,13,26,2020-04-09,2024-11-21
63527675,0,6,6,2020-04-12,2024-12-23
63544191,0,0,0,2020-04-12,2022-12-06
63588036,,0,0,2020-04-13,2024-12-17
63613089,,0,1,2020-04-13,2023-03-16
63618438,,0,0,2020-04-13,2025-01-07
63649156,0,29,74,2020-04-14,2025-01-07
63779728,,0,0,2020-04-16,2021-04-08
63803044,0,23,44,2020-04-16,2024-12-24
63875834,1,5,4,2020-04-17,2024-11-08
63904333,8,0,0,2020-04-18,2023-12-12
63910629,0,7,5,2020-04-18,2024-12-14
63913528,0,3,2,2020-04-18,2024-12-11
63976153,0,2,1,2020-04-19,2021-06-10
64004023,,0,0,2020-04-20,2020-04-20
64029765,,2,0,2020-04-20,2020-08-14
64074066,,0,2,2020-04-21,2020-04-21
64088822,0,0,1,2020-04-21,2021-03-18
64093066,,1,2,2020-04-21,2024-07-04
64111154,,1,0,2020-04-21,2022-09-23
64137772,8,0,1,2020-04-22,2020-07-13
64161845,,4,3,2020-04-22,2024-12-28
64174170,0,63,59,2020-04-22,2025-01-10
64279855,0,14,4,2020-04-24,2025-01-13
64305506,8,0,0,2020-04-25,2021-01-02
64314311,0,4,13,2020-04-25,2024-07-01
64325526,0,0,1,2020-04-25,2024-12-11
64354399,,2,7,2020-04-26,2025-01-04
64354602,,22,6,2020-04-26,2025-01-02
64502113,0,0,0,2020-04-28,2024-09-16
64504180,0,0,0,2020-04-28,2024-12-29
64520442,,0,0,2020-04-29,2020-04-29
64544180,,0,0,2020-04-29,2021-06-21
64550378,0,9,0,2020-04-29,2022-06-18
64646425,0,0,0,2020-05-01,2024-11-20
64664258,4,0,0,2020-05-01,2023-12-21
64668677,1,20,19,2020-05-01,2024-12-20
64691992,0,7,7,2020-05-02,2024-02-25
64730164,1,0,0,2020-05-03,2022-06-21
64731735,0,0,0,2020-05-03,2020-05-03
64835197,0,0,0,2020-05-05,2023-08-18
64875718,0,6,2,2020-05-06,2024-12-03
64902958,0,1,1,2020-05-06,2024-12-30
64944371,8,3,3,2020-05-07,2025-01-02
64962725,0,0,5,2020-05-07,2024-02-01
64963228,0,0,0,2020-05-07,2024-10-10
64985834,1,0,0,2020-05-07,2023-05-11
64989195,,0,0,2020-05-07,2020-07-31
65103987,0,19,27,2020-05-10,2025-01-10
65212955,0,1,14,2020-05-12,2024-12-30
65242826,0,0,2,2020-05-12,2024-10-20
65245863,0,0,0,2020-05-12,2020-05-12
65282111,,0,0,2020-05-13,2021-09-17
65384301,0,0,0,2020-05-15,2022-01-27
65443662,,0,0,2020-05-16,2022-03-17
65508138,,0,2,2020-05-17,2023-03-11
65548563,,72,145,2020-05-18,2024-12-26
65709527,0,0,0,2020-05-21,2020-05-21
65788554,0,0,0,2020-05-22,2021-03-01
65871982,,0,0,2020-05-24,2021-07-05
65913625,,0,1,2020-05-25,2024-12-20
65997684,,1,1,2020-05-27,2020-12-07
66070228,,0,0,2020-05-28,2020-07-13
66130855,0,0,1,2020-05-29,2024-08-01
66148694,,2,7,2020-05-30,2024-02-20
66214304,,1,3,2020-05-31,2025-01-10
66243493,1,2,1,2020-06-01,2025-01-06
66390370,0,0,2,2020-06-03,2022-07-17
66444571,,0,1,2020-06-04,2024-10-08
66461837,0,0,0,2020-06-05,2021-03-08
66472398,0,15,15,2020-06-05,2025-01-05
66479526,0,0,0,2020-06-05,2024-10-23
66480883,,0,0,2020-06-05,2022-03-19
66498528,,1,0,2020-06-05,2024-09-13
66546841,,0,0,2020-06-07,2020-06-07
66551006,0,3,5,2020-06-07,2024-11-29
66627244,2,0,0,2020-06-08,2023-11-30
66696674,0,0,0,2020-06-09,2021-04-28
66696838,,1,1,2020-06-09,2024-12-10
66783101,0,8,9,2020-06-11,2024-10-28
66861148,0,0,0,2020-06-13,2022-04-23
66974587,0,0,0,2020-06-15,2023-11-05
67092894,,0,1,2020-06-18,2023-11-21
67136799,0,39,0,2020-06-19,2020-08-15
67151007,,0,0,2020-06-19,2024-05-05
67241893,,4,7,2020-06-21,2024-12-27
67263805,0,1,0,2020-06-22,2021-05-25
67284022,0,6,9,2020-06-22,2025-01-03
67335958,,2,2,2020-06-23,2023-05-13
67377749,,1,2,2020-06-24,2024-04-27
67378869,0,5,5,2020-06-24,2024-05-21
67404275,3,6,11,2020-06-25,2020-08-02
67469539,8,0,0,2020-06-26,2025-01-13
67518379,0,1,0,2020-06-27,2022-09-21
67659173,0,0,0,2020-06-30,2024-11-13
67719017,6,0,0,2020-07-02,2024-07-09
67740598,0,1,6,2020-07-02,2022-12-21
67766388,0,0,2,2020-07-02,2025-01-13
67790866,,28,23,2020-07-03,2025-01-13
67807456,,4,6,2020-07-03,2024-12-24
67825410,0,0,1,2020-07-04,2022-08-08
67872869,0,0,1,2020-07-05,2024-10-17
67881707,0,0,1,2020-07-06,2020-07-06
67917249,0,0,0,2020-07-06,2022-05-06
67931254,0,4,5,2020-07-06,2024-06-04
67955001,0,0,0,2020-07-07,2021-12-07
67968674,,116,118,2020-07-07,2024-02-20
67983375,0,0,6,2020-07-07,2024-07-10
68120258,0,35,147,2020-07-10,2025-01-01
68229913,0,2,3,2020-07-13,2024-12-02
68234552,0,1,1,2020-07-13,2023-01-31
68255287,0,14,26,2020-07-13,2024-09-18
68268452,0,0,0,2020-07-14,2023-09-29
68279059,0,0,0,2020-07-14,2020-07-14
68287664,0,0,0,2020-07-14,2021-09-27
68370709,,7,6,2020-07-16,2024-12-03
68377505,0,0,0,2020-07-16,2020-07-21
68445853,0,6,1,2020-07-17,2025-01-04
68455466,0,0,1,2020-07-18,2024-11-12
68459412,6,4,6,2020-07-18,2025-01-11
68459642,6,1,0,2020-07-18,2020-07-21
68464267,,4,1,2020-07-18,2024-05-05
68520364,0,0,0,2020-07-19,2023-04-21
68537269,0,0,0,2020-07-20,2023-09-26
68553254,0,10,11,2020-07-20,2023-02-11
68566327,,0,0,2020-07-20,2024-12-17
68618913,0,0,0,2020-07-21,2020-07-21
68642418,,0,0,2020-07-22,2022-02-03
68736927,5,0,0,2020-07-24,2024-12-18
68949997,,0,1,2020-07-29,2024-10-09
69040158,,1,2,2020-07-31,2021-08-02
69146181,,1,7,2020-08-03,2024-07-20
69242340,0,0,0,2020-08-05,2022-01-25
69242916,8,2,2,2020-08-05,2021-11-29
69311875,0,5,7,2020-08-06,2025-01-13
69338863,0,0,0,2020-08-07,2020-08-07
69380494,0,2,3,2020-08-08,2024-12-26
69502950,,2,0,2020-08-11,2022-09-13
69587586,,0,0,2020-08-12,2020-08-12
69589722,5,4,3,2020-08-12,2025-01-13
69628651,0,0,0,2020-08-13,2021-06-11
69644296,,5,5,2020-08-13,2023-11-30
69655550,,3,5,2020-08-13,2024-10-24
69784305,,4,5,2020-08-17,2024-07-19
69793890,0,0,0,2020-08-17,2024-12-09
69819202,0,0,0,2020-08-17,2024-11-12
69820794,0,4,4,2020-08-17,2024-10-16
69867337,,0,1,2020-08-18,2024-11-23
70128803,0,6,18,2020-08-24,2025-01-01
70213038,0,0,0,2020-08-25,2024-12-17
70277279,0,0,0,2020-08-26,2024-09-06
70289402,0,2,0,2020-08-26,2021-10-06
70289456,0,3,4,2020-08-26,2025-01-13
70530453,0,0,0,2020-08-31,2021-05-26
70841686,,6,26,2020-09-06,2024-06-21
70846022,,0,0,2020-09-06,2023-03-10
70918025,0,7,7,2020-09-07,2023-07-09
70923778,,0,0,2020-09-08,2020-11-24
70948574,,0,0,2020-09-08,2022-01-31
70985406,0,4,5,2020-09-08,2025-01-07
71072298,0,0,0,2020-09-10,2020-11-17
71092842,0,0,0,2020-09-10,2020-10-10
71283657,0,15,7,2020-09-14,2024-12-02
71383021,,0,0,2020-09-16,2022-02-24
71399799,,0,1,2020-09-16,2024-12-24
71434398,0,0,27,2020-09-17,2024-09-21
71436199,0,0,0,2020-09-17,2020-09-29
71492809,,4,0,2020-09-18,2025-01-06
71493040,0,0,0,2020-09-18,2024-10-03
71510847,,1,1,2020-09-18,2023-07-24
71519207,0,0,0,2020-09-18,2020-09-18
71522302,0,86,106,2020-09-18,2025-01-13
71551874,0,4,3,2020-09-19,2024-10-16
71552584,,0,0,2020-09-19,2021-07-02
71612009,0,0,0,2020-09-20,2023-10-21
71653144,0,1,1,2020-09-21,2024-10-08
71687136,0,0,2,2020-09-22,2023-07-08
71712606,0,1,1,2020-09-22,2024-09-04
71722571,,0,0,2020-09-22,2024-12-01
71754202,0,2,2,2020-09-23,2022-10-27
71757340,0,0,0,2020-09-23,2023-10-12
71780731,0,10,12,2020-09-23,2024-11-02
71854573,,2,7,2020-09-24,2025-01-13
72062626,0,0,0,2020-09-29,2024-12-18
72126317,,0,1,2020-09-30,2024-12-03
72145382,,1,2,2020-09-30,2023-03-03
72154018,0,3,8,2020-09-30,2024-10-07
72162106,,0,0,2020-09-30,2020-11-16
72197916,5,1,3,2020-10-01,2025-01-09
72201212,0,12,9,2020-10-01,2025-01-02
72214855,,0,0,2020-10-01,2024-04-29
72233494,,7,8,2020-10-01,2024-09-05
72241861,,0,0,2020-10-02,2021-12-11
72250242,,0,0,2020-10-02,2023-05-06
72262069,0,1,2,2020-10-02,2024-04-24
72309855,,92,109,2020-10-03,2024-12-26
72340227,0,2,2,2020-10-04,2023-09-04
72490754,,0,1,2020-10-07,2024-07-29
72499602,0,4,7,2020-10-07,2025-01-07
72518473,0,29,38,2020-10-07,2024-12-31
72521774,0,27,23,2020-10-07,2024-12-28
72548216,0,0,0,2020-10-08,2024-01-05
72553140,0,0,0,2020-10-08,2020-10-23
72607255,0,4,5,2020-10-09,2023-03-16
72614393,0,0,1,2020-10-09,2024-12-23
72710131,,1,3,2020-10-11,2024-12-08
72783622,0,0,0,2020-10-13,2024-08-23
72799525,,16,4,2020-10-13,2024-08-27
72815169,,5,11,2020-10-13,2025-01-06
72819474,0,5,23,2020-10-13,2025-01-06
72821948,0,9,5,2020-10-13,2024-03-14
72823756,,8,6,2020-10-13,2024-12-22
72931424,0,31,34,2020-10-15,2025-01-11
72972575,0,0,1,2020-10-16,2024-12-05
73064931,,0,0,2020-10-18,2023-03-07
73386872,0,16,11,2020-10-24,2024-12-25
73402903,0,0,0,2020-10-24,2020-11-09
73468995,0,3,6,2020-10-26,2023-11-29
73488484,0,13,6,2020-10-26,2024-12-19
73522535,0,0,0,2020-10-27,2020-10-27
73528747,0,1,3,2020-10-27,2024-12-04
73537499,4,0,0,2020-10-27,2022-12-07
73550694,0,2,7,2020-10-27,2024-11-13
73617132,,17,17,2020-10-28,2024-07-12
73652124,0,1,2,2020-10-29,2024-10-28
73796385,,176,185,2020-11-01,2024-12-18
73850659,,1,0,2020-11-02,2021-06-23
73933623,0,0,0,2020-11-04,2024-08-12
73997145,,5,5,2020-11-05,2024-11-30
74001785,0,1,0,2020-11-05,2020-11-05
74269408,0,1,0,2020-11-10,2021-01-26
74348880,0,0,0,2020-11-12,2025-01-02
74419469,8,6,8,2020-11-13,2024-10-24
74556942,0,47,54,2020-11-16,2024-12-30
74591655,,12,7,2020-11-17,2025-01-09
74601000,0,0,0,2020-11-17,2024-04-09
74725556,0,0,0,2020-11-19,2024-12-02
74725659,0,0,0,2020-11-19,2020-11-27
74727324,0,7,7,2020-11-19,2024-10-08
74739407,0,0,1,2020-11-19,2020-11-20
74879760,,22,41,2020-11-22,2024-06-24
74903622,0,0,0,2020-11-23,2020-11-23
74908972,0,0,1,2020-11-23,2023-11-24
75133867,,0,0,2020-11-27,2020-11-27
75240858,,0,0,2020-11-30,2025-01-02
75253558,6,0,0,2020-11-30,2020-11-30
75274423,0,14,30,2020-11-30,2025-01-13
75278898,,0,0,2020-11-30,2025-01-08
75279779,,0,0,2020-11-30,2023-10-18
75317863,,0,0,2020-12-01,2021-08-20
75330000,,6,7,2020-12-01,2024-09-06
75360034,,0,0,2020-12-02,2023-11-27
75432726,0,5,1,2020-12-03,2024-07-27
75432866,,1,0,2020-12-03,2022-05-10
75448443,0,7,7,2020-12-03,2024-08-20
75451793,0,16,22,2020-12-03,2025-01-09
75454542,,18,26,2020-12-03,2025-01-07
75476061,,0,0,2020-12-04,2021-11-20
75483035,,0,0,2020-12-04,2021-08-08
75501289,1,11,13,2020-12-04,2024-05-19
75527664,,0,0,2020-12-05,2021-10-05
75586184,0,4,1,2020-12-06,2023-10-02
75725048,0,0,0,2020-12-09,2020-12-09
75740869,0,2,1,2020-12-09,2024-11-15
75936360,,57,71,2020-12-13,2025-01-04
76013172,8,70,104,2020-12-14,2025-01-10
76060004,0,15,8,2020-12-15,2023-11-09
76119431,0,2,1,2020-12-16,2024-10-23
76201386,0,11,7,2020-12-18,2021-04-09
76268636,0,0,0,2020-12-19,2024-06-10
76396858,0,23,13,2020-12-20,2025-01-13
76467785,0,4,0,2020-12-22,2024-05-29
76516206,0,0,1,2020-12-23,2024-12-09
76517786,0,72,109,2020-12-23,2025-01-13
76664047,,4,1,2020-12-27,2024-11-11
76708188,,4,8,2020-12-28,2024-11-13
76743863,0,7,1,2020-12-29,2024-04-27
76938257,,8,11,2021-01-04,2024-07-17
77080274,,20,21,2021-01-06,2024-10-05
77097621,,0,0,2021-01-07,2021-01-07
77106181,0,0,1,2021-01-07,2023-07-13
77127716,0,6,14,2021-01-07,2024-12-22
77170417,,4,0,2021-01-08,2024-10-02
77185331,0,2,0,2021-01-09,2024-10-05
77332668,0,0,0,2021-01-12,2021-01-28
77338760,0,0,0,2021-01-12,2024-08-15
77356995,0,0,1,2021-01-12,2023-07-24
77571208,0,170,121,2021-01-17,2025-01-10
77617315,,9,3,2021-01-18,2021-08-09
77933701,0,14,20,2021-01-24,2025-01-09
77936944,0,10,30,2021-01-24,2024-09-05
77968389,0,0,0,2021-01-25,2021-10-28
77975777,,2,4,2021-01-25,2024-10-01
77982705,0,0,1,2021-01-25,2021-01-25
78012938,,1,1,2021-01-26,2021-06-15
78048991,,4,7,2021-01-26,2024-11-10
78072642,,3,0,2021-01-27,2023-08-24
78074414,0,5,0,2021-01-27,2023-09-21
78178467,,3,2,2021-01-28,2023-03-06
78412096,,0,1,2021-02-02,2024-12-15
78491639,0,0,0,2021-02-03,2024-10-18
78529164,,1,0,2021-02-04,2021-02-04
78566438,,0,0,2021-02-04,2021-04-05
78606977,0,4,0,2021-02-05,2024-10-10
78653941,,0,0,2021-02-06,2021-02-08
78722037,0,2,0,2021-02-08,2022-01-15
78730979,0,0,0,2021-02-08,2024-12-21
78818106,,0,0,2021-02-09,2024-03-10
78858499,0,0,4,2021-02-10,2025-01-05
79074783,,0,0,2021-02-15,2021-02-18
79161681,0,1,1,2021-02-16,2024-12-24
79196702,,3,3,2021-02-17,2024-06-28
79203661,,0,0,2021-02-17,2023-11-27
79208153,,0,0,2021-02-17,2021-09-21
79230509,0,0,0,2021-02-17,2021-03-02
79327825,0,0,1,2021-02-19,2025-01-13
79366484,0,1,6,2021-02-20,2024-12-30
79388668,1,0,2,2021-02-21,2023-08-23
79411877,0,2,8,2021-02-21,2024-12-30
79447967,,0,0,2021-02-22,2024-12-26
79481449,,0,0,2021-02-22,2021-02-22
79598859,,0,0,2021-02-24,2021-02-24
79685706,,0,1,2021-02-26,2023-11-23
79787418,,184,412,2021-02-28,2024-12-22
79795425,3,0,0,2021-02-28,2024-12-28
79858184,0,0,0,2021-03-01,2024-11-23
79861886,0,1,0,2021-03-01,2023-01-28
79871636,1,5,10,2021-03-01,2025-01-01
79939187,,0,0,2021-03-02,2024-05-10
79940003,0,6,15,2021-03-02,2024-09-21
79980395,0,0,1,2021-03-03,2024-12-30
80075551,,16,58,2021-03-04,2025-01-03
80112944,,2,9,2021-03-05,2024-08-07
80123646,,60,61,2021-03-05,2024-11-10
80137734,0,0,0,2021-03-06,2023-04-30
80168620,0,0,0,2021-03-06,2021-03-06
80226121,,11,6,2021-03-07,2025-01-09
80396703,,0,3,2021-03-10,2024-10-26
80470809,,4,14,2021-03-11,2025-01-02
80492657,5,23,34,2021-03-11,2025-01-10
80622375,,0,0,2021-03-14,2024-08-31
80694431,,0,1,2021-03-15,2025-01-06
80789474,0,1,0,2021-03-16,2024-08-16
80846563,0,1,3,2021-03-17,2024-11-10
80850402,0,27,26,2021-03-17,2025-01-08
80850833,8,0,2,2021-03-17,2024-09-26
80864596,0,2,3,2021-03-18,2024-12-17
81165799,0,3,0,2021-03-22,2021-03-22
81175298,,0,0,2021-03-22,2024-08-20
81417590,,4,0,2021-03-26,2023-09-01
81496281,6,8,11,2021-03-28,2024-09-28
81573292,,0,0,2021-03-29,2022-02-10
81576750,,12,16,2021-03-29,2023-03-11
81678247,0,17,5,2021-03-31,2025-01-13
81724288,0,13,9,2021-04-01,2024-12-28
81755107,,0,0,2021-04-01,2024-12-04
81755943,0,15,15,2021-04-01,2025-01-13
81804127,5,0,3,2021-04-02,2024-10-03
81810855,,0,0,2021-04-02,2022-10-11
81818589,,2,2,2021-04-02,2021-12-05
81861698,,0,0,2021-04-03,2021-08-14
81908387,,0,0,2021-04-04,2021-07-11
81919768,0,3,6,2021-04-04,2025-01-09
81972253,,19,8,2021-04-05,2024-11-20
82040705,0,0,0,2021-04-06,2022-03-03
82066066,1,0,1,2021-04-06,2024-08-15
82101963,0,0,0,2021-04-07,2025-01-12
82108594,0,12,10,2021-04-07,2024-08-30
82113785,0,6,14,2021-04-07,2023-12-19
82148347,,7,8,2021-04-08,2024-01-12
82153631,0,0,0,2021-04-08,2023-05-10
82161016,,5,6,2021-04-08,2025-01-06
82271481,1,1,2,2021-04-10,2022-11-23
82418123,,2,0,2021-04-12,2021-05-25
82442020,,7,22,2021-04-13,2025-01-11
82446715,0,1,2,2021-04-13,2022-11-28
82501428,,1,1,2021-04-14,2024-12-05
82800581,,0,2,2021-04-19,2022-06-07
82827759,0,4,9,2021-04-19,2024-07-01
82831720,0,14,3,2021-04-19,2025-01-07
82959243,0,1,0,2021-04-21,2021-06-02
83015562,0,0,0,2021-04-22,2021-04-27
83123353,0,0,1,2021-04-24,2023-05-10
83132770,,0,0,2021-04-24,2021-04-24
83153592,0,35,104,2021-04-25,2024-12-22
83242508,0,0,0,2021-04-26,2021-05-04
83244925,,7,2,2021-04-26,2025-01-06
83245573,,2,0,2021-04-26,2021-08-28
83297777,0,0,0,2021-04-27,2024-07-05
83403248,,2,1,2021-04-29,2022-04-07
83449338,0,0,1,2021-04-30,2022-07-31
83455817,0,4,7,2021-04-30,2025-01-02
83472451,,0,0,2021-04-30,2021-05-02
83553159,,4,5,2021-05-02,2024-11-13
83596808,,0,0,2021-05-03,2021-05-14
83646392,0,0,0,2021-05-04,2024-07-15
83719160,0,6,6,2021-05-05,2024-09-25
83808377,0,43,35,2021-05-07,2024-12-30
83878477,0,0,0,2021-05-08,2021-09-26
84006441,0,0,1,2021-05-11,2021-09-15
84017505,,1,1,2021-05-11,2024-10-01
84072355,,0,0,2021-05-12,2024-01-24
84095343,0,16,7,2021-05-12,2023-12-07
84158286,,2,7,2021-05-13,2021-05-24
84178729,,0,0,2021-05-14,2021-05-14
84182866,0,0,0,2021-05-14,2024-12-05
84209254,4,0,0,2021-05-14,2021-05-14
84225261,0,0,0,2021-05-15,2024-12-05
84227694,,1,1,2021-05-15,2023-07-19
84314170,0,12,18,2021-05-17,2024-09-23
84380815,0,10,18,2021-05-18,2025-01-07
84450793,0,0,0,2021-05-19,2023-07-26
84530421,0,0,0,2021-05-20,2022-09-20
84548516,0,0,0,2021-05-20,2021-08-25
84548982,0,9,18,2021-05-21,2025-01-10
84568875,0,0,0,2021-05-21,2021-05-21
84616944,0,9,10,2021-05-22,2025-01-13
84707670,0,0,1,2021-05-24,2021-06-17
84767778,5,0,0,2021-05-25,2025-01-07
84767830,,0,0,2021-05-25,2024-12-29
84835082,0,2,0,2021-05-26,2024-05-31
85012396,0,1,2,2021-05-29,2024-03-16
85138573,6,0,0,2021-05-31,2024-10-14
85197739,0,3,3,2021-06-01,2024-08-05
85228664,0,0,0,2021-06-02,2025-01-07
85243493,0,2,4,2021-06-02,2024-12-23
85250817,0,53,1,2021-06-02,2025-01-08
85518166,0,0,0,2021-06-07,2024-08-08
85851298,,5,7,2021-06-13,2025-01-08
85851807,0,0,1,2021-06-13,2024-10-22
85911730,0,15,18,2021-06-15,2025-01-10
85935965,,5,2,2021-06-15,2025-01-08
86011531,,1,1,2021-06-16,2025-01-07
86047797,5,2,2,2021-06-17,2024-11-30
86053915,8,0,1,2021-06-17,2025-01-08
86060527,,3,3,2021-06-17,2024-12-19
86082620,,2,0,2021-06-17,2025-01-07
86128317,,0,0,2021-06-18,2024-10-18
86158272,8,0,0,2021-06-19,2024-02-29
86198523,,22,69,2021-06-20,2025-01-03
86202923,1,0,0,2021-06-20,2024-10-27
86360002,,0,0,2021-06-23,2022-09-01
86366723,0,20,27,2021-06-23,2024-12-23
86381944,,1,2,2021-06-23,2024-11-17
86448142,,0,0,2021-06-25,2021-06-25
86501647,,0,0,2021-06-26,2024-04-10
86689312,0,2,2,2021-06-29,2023-12-06
86791481,,0,0,2021-07-01,2021-07-01
86805513,0,17,7,2021-07-01,2025-01-12
86836671,,0,0,2021-07-02,2021-07-05
86890739,,2,1,2021-07-03,2021-10-30
86908936,0,2,5,2021-07-04,2021-08-29
86950503,1,0,1,2021-07-05,2024-12-27
87009277,0,0,0,2021-07-06,2024-01-23
87189308,,2,1,2021-07-09,2024-12-20
87211073,,0,0,2021-07-09,2024-12-30
87387782,,0,1,2021-07-13,2025-01-12
87441167,0,0,0,2021-07-14,2024-08-28
87477436,,2,2,2021-07-15,2024-12-24
87478383,,1,2,2021-07-15,2025-01-06
87573026,0,0,1,2021-07-17,2024-11-13
87579657,,1,3,2021-07-17,2024-12-20
87650371,0,15,6,2021-07-19,2021-08-30
87760696,6,1,12,2021-07-21,2024-11-18
87778100,,2,0,2021-07-21,2024-06-11
87863004,0,0,1,2021-07-23,2021-12-14
87925975,0,0,0,2021-07-25,2024-10-24
87927136,0,1,6,2021-07-25,2024-05-27
87928895,0,2,0,2021-07-25,2025-01-08
87953252,0,1,2,2021-07-25,2024-08-04
88001032,0,3,3,2021-07-26,2022-09-02
88016026,0,3,1,2021-07-27,2024-07-07
88026547,0,2,2,2021-07-27,2024-12-13
88026672,0,3,3,2021-07-27,2025-01-11
88107986,,3,2,2021-07-28,2024-08-23
88110938,0,13,15,2021-07-28,2024-06-02
88153755,0,4,1,2021-07-29,2025-01-13
88191998,,0,0,2021-07-30,2021-07-30
88205826,,2,9,2021-07-30,2024-12-28
88292349,1,2,1,2021-08-01,2021-08-25
88481406,1,2,4,2021-08-05,2024-11-29
88557019,0,2,4,2021-08-06,2024-11-28
88557261,,9,9,2021-08-06,2023-11-20
88576637,,0,0,2021-08-07,2022-11-08
88622395,,0,0,2021-08-08,2024-07-22
88653524,0,7,6,2021-08-09,2025-01-03
88674937,,69,84,2021-08-09,2024-08-24
88678823,0,18,10,2021-08-09,2024-12-24
88708681,,0,0,2021-08-10,2021-08-10
88711784,0,0,0,2021-08-10,2021-08-28
88732619,0,3,11,2021-08-10,2023-03-20
88823715,0,2,2,2021-08-12,2025-01-08
88905241,0,3,2,2021-08-13,2022-02-22
88906690,,2,0,2021-08-13,2023-03-09
88966383,,1,0,2021-08-15,2024-03-13
89077562,0,7,12,2021-08-17,2025-01-13
89215369,,0,0,2021-08-19,2022-08-15
89265593,1,11,8,2021-08-20,2025-01-11
89316030,,0,0,2021-08-21,2021-08-21
89316477,0,0,0,2021-08-21,2025-01-07
89321911,,5,7,2021-08-21,2024-11-15
89344441,0,29,47,2021-08-22,2025-01-06
89345427,0,3,4,2021-08-22,2025-01-06
89379357,0,51,54,2021-08-23,2024-11-08
89402675,0,107,144,2021-08-23,2025-01-12
89592580,,0,0,2021-08-26,2021-08-26
89648100,,0,0,2021-08-27,2022-08-12
89664210,,10,11,2021-08-27,2025-01-04
89667155,,0,0,2021-08-27,2025-01-08
89705024,0,0,0,2021-08-28,2021-08-28
89745653,,0,1,2021-08-29,2024-05-18
89780156,0,16,11,2021-08-30,2025-01-08
89780712,0,32,30,2021-08-30,2025-01-13
89820377,0,1,1,2021-08-31,2024-12-11
89839917,0,1,1,2021-08-31,2025-01-02
89848049,0,1,1,2021-08-31,2021-08-31
89900029,0,24,39,2021-09-01,2022-09-23
89925231,0,2,1,2021-09-01,2023-09-16
89926491,0,0,0,2021-09-01,2021-12-14
90105293,,1,0,2021-09-04,2021-09-04
90114095,0,1,0,2021-09-04,2025-01-06
90134572,0,0,0,2021-09-05,2022-09-06
90267554,,0,0,2021-09-07,2024-08-22
90277427,0,0,0,2021-09-07,2021-09-07
90420166,0,3,4,2021-09-09,2024-12-25
90422313,0,104,68,2021-09-09,2025-01-02
90465858,0,12,8,2021-09-10,2024-12-06
90479278,,2,0,2021-09-10,2024-12-15
90553792,0,4,4,2021-09-12,2024-11-19
90566690,0,2,2,2021-09-12,2024-03-17
90612989,8,14,14,2021-09-13,2024-05-26
90636954,0,5,2,2021-09-13,2023-06-20
90717316,0,0,0,2021-09-14,2021-09-15
90779626,,1,1,2021-09-15,2024-10-04
90805554,,11,8,2021-09-15,2024-09-02
90893587,,3,1,2021-09-17,2024-10-30
90935592,,2,0,2021-09-17,2024-12-21
90954033,,0,2,2021-09-18,2024-12-17
90985429,6,0,0,2021-09-18,2023-01-04
91046806,,0,0,2021-09-20,2024-09-17
91061958,6,0,0,2021-09-20,2025-01-07
91185290,,1,1,2021-09-22,2024-08-07
91198554,,3,5,2021-09-22,2024-12-02
91348614,,1,1,2021-09-24,2022-01-26
91435493,0,0,1,2021-09-26,2025-01-09
91519924,0,29,22,2021-09-28,2025-01-02
91557658,0,0,0,2021-09-28,2024-08-07
91666537,,1,5,2021-09-30,2024-12-15
91717182,0,1,24,2021-10-01,2024-08-02
91738156,,2,0,2021-10-01,2021-10-14
91751263,0,1,1,2021-10-01,2022-03-17
91953966,0,10,9,2021-10-05,2024-10-02
92016251,,13,20,2021-10-06,2024-10-27
92017207,0,0,0,2021-10-06,2023-12-07
92058017,0,0,0,2021-10-06,2022-04-21
92258927,6,0,0,2021-10-10,2021-12-17
92591844,0,2,1,2021-10-15,2024-11-20
92747030,0,0,0,2021-10-18,2023-11-17
92807492,,0,0,2021-10-19,2021-10-19
92813997,0,3,9,2021-10-19,2024-12-28
92923819,0,0,1,2021-10-21,2022-12-16
92977776,,43,67,2021-10-22,2024-12-29
93029269,0,0,1,2021-10-23,2025-01-13
93031123,0,3,1,2021-10-23,2023-10-24
93037649,8,0,1,2021-10-23,2025-01-03
93071845,0,0,8,2021-10-24,2024-12-29
93118707,0,0,1,2021-10-25,2024-05-27
93129619,0,1,2,2021-10-25,2024-12-12
93153504,,0,0,2021-10-25,2024-01-18
93186702,,4,5,2021-10-26,2024-10-17
93378978,,0,1,2021-10-29,2024-05-21
93434626,0,11,6,2021-10-30,2024-12-28
93527357,,7,11,2021-11-01,2025-01-03
93603372,0,2,1,2021-11-02,2023-09-25
93798765,0,1,0,2021-11-05,2023-01-04
93864400,,0,0,2021-11-07,2023-06-24
93912102,0,25,30,2021-11-08,2024-08-06
93998158,,0,0,2021-11-09,2022-10-19
94001706,0,0,0,2021-11-09,2024-09-30
94174654,0,6,6,2021-11-12,2023-05-22
94529661,0,2,3,2021-11-17,2024-11-12
94758938,0,2,1,2021-11-20,2024-12-11
94769696,0,7,26,2021-11-21,2025-01-12
94811573,0,18,16,2021-11-22,2024-12-16
94858611,,0,0,2021-11-22,2025-01-07
95070534,0,0,0,2021-11-26,2024-12-30
95273700,0,0,0,2021-11-30,2024-01-22
95273742,0,0,2,2021-11-30,2021-11-30
95292135,0,0,3,2021-11-30,2024-12-29
95338991,0,0,0,2021-12-01,2024-12-25
95491894,0,3,2,2021-12-03,2024-12-19
95547177,0,1,2,2021-12-04,2023-03-03
95715595,0,0,0,2021-12-07,2024-12-11
95737858,0,8,28,2021-12-08,2025-01-07
95749720,0,12,5,2021-12-08,2024-12-05
95755080,0,1,3,2021-12-08,2024-05-05
95902126,0,5,3,2021-12-10,2024-10-26
95919658,0,9,8,2021-12-10,2025-01-02
95983990,8,2,21,2021-12-11,2024-02-24
96025623,,0,0,2021-12-12,2021-12-12
96057681,0,2,5,2021-12-13,2023-02-17
96112993,,5,19,2021-12-14,2023-10-24
96290278,0,0,1,2021-12-17,2024-09-22
96328449,0,1,7,2021-12-18,2024-11-26
96355990,0,0,0,2021-12-18,2022-05-11
96380575,0,2,2,2021-12-19,2024-09-24
96472895,0,2,0,2021-12-21,2024-11-13
96523226,0,4,9,2021-12-22,2024-12-24
96924451,0,0,0,2021-12-31,2024-08-20
97108612,0,2,2,2022-01-04,2024-09-13
97189427,1,1,4,2022-01-05,2024-12-15
97213833,0,2,0,2022-01-06,2023-01-10
97237461,1,0,1,2022-01-06,2022-01-08
97501032,0,0,0,2022-01-11,2024-09-12
97593079,0,0,0,2022-01-12,2024-03-11
97598929,1,1,1,2022-01-12,2024-06-13
97667420,0,0,0,2022-01-13,2024-10-18
97853822,,0,0,2022-01-16,2022-03-07
97907993,1,16,23,2022-01-17,2024-11-18
97970232,0,28,46,2022-01-18,2025-01-12
98024608,,5,14,2022-01-19,2025-01-02
98110979,0,0,0,2022-01-20,2023-09-13
98208944,0,0,0,2022-01-22,2022-02-03
98264322,0,114,37,2022-01-23,2024-12-15
98485723,0,4,4,2022-01-26,2023-08-31
98719122,6,0,1,2022-01-31,2024-11-08
99065313,0,2,3,2022-02-05,2023-10-04
99265531,,2,4,2022-02-08,2024-11-28
99272123,0,2,8,2022-02-08,2024-01-05
99335372,0,0,1,2022-02-09,2022-05-18
99352552,0,5,4,2022-02-09,2023-11-28
99357020,0,1,0,2022-02-09,2025-01-11
99603583,,2,1,2022-02-13,2022-06-06
99652550,0,0,0,2022-02-14,2025-01-13
99678047,0,1,1,2022-02-14,2024-12-10
99757118,0,7,17,2022-02-15,2024-12-06
100240307,0,0,0,2022-02-22,2025-01-11
100311466,0,0,0,2022-02-23,2024-11-08
100630271,0,3,8,2022-02-28,2024-10-28
100849952,0,1,2,2022-03-03,2024-06-11
100865276,,0,0,2022-03-03,2023-11-28
100930639,0,12,19,2022-03-04,2025-01-07
100963073,,0,0,2022-03-04,2024-12-16
101001680,0,0,0,2022-03-05,2022-06-19
101146092,0,5,4,2022-03-07,2024-12-19
101388488,0,12,7,2022-03-11,2024-12-27
101571247,0,0,0,2022-03-14,2022-04-11
101814102,,0,0,2022-03-17,2024-07-23
102383390,0,11,17,2022-03-25,2024-10-01
102417992,0,1,3,2022-03-26,2024-11-18
102575507,1,0,0,2022-03-29,2023-08-11
102650891,0,18,18,2022-03-30,2024-10-08
102746399,0,0,0,2022-03-31,2024-01-26
102988803,0,0,0,2022-04-04,2022-12-04
103176239,0,1,3,2022-04-07,2024-12-24
103209710,1,0,0,2022-04-07,2023-01-03
103361233,0,35,165,2022-04-10,2024-12-28
103423713,0,0,0,2022-04-11,2025-01-08
103441959,0,10,8,2022-04-11,2024-10-15
103949409,0,0,0,2022-04-18,2023-07-03
104027659,0,0,1,2022-04-19,2022-04-20
104188973,9,0,1,2022-04-22,2025-01-11
104297128,0,18,28,2022-04-24,2025-01-02
104763211,0,34,30,2022-05-02,2025-01-13
104892068,0,0,1,2022-05-04,2022-09-07
104894746,0,3,7,2022-05-04,2023-10-05
104934476,0,2,0,2022-05-04,2023-05-27
104936029,0,9,9,2022-05-04,2022-08-27
105020135,0,0,0,2022-05-05,2024-11-30
105128081,0,1,3,2022-05-07,2022-05-07
105170836,0,6,8,2022-05-08,2025-01-12
105211388,0,0,1,2022-05-09,2023-08-01
105241871,0,23,22,2022-05-09,2024-10-31
105368501,0,0,0,2022-05-11,2022-05-11
105407564,0,0,0,2022-05-12,2024-12-06
105532213,,0,0,2022-05-14,2022-05-14
105553980,,0,1,2022-05-14,2022-12-27
105592654,0,0,0,2022-05-15,2024-10-22
105595195,0,1,1,2022-05-15,2024-02-22
105681086,0,0,0,2022-05-16,2023-08-08
105989003,1,4,5,2022-05-21,2024-12-10
106038603,,0,0,2022-05-22,2022-05-22
106533679,0,0,6,2022-05-30,2024-12-15
106868489,0,0,0,2022-06-04,2022-06-04
106883249,0,0,0,2022-06-04,2022-06-04
107000907,0,0,0,2022-06-06,2024-07-03
107038187,0,8,13,2022-06-07,2024-12-11
107070900,0,1,0,2022-06-07,2024-11-17
107148036,0,0,0,2022-06-08,2022-06-10
107179810,0,0,0,2022-06-09,2022-06-09
107197809,0,4,13,2022-06-09,2025-01-02
107246743,0,0,1,2022-06-10,2024-10-23
107281373,0,4,6,2022-06-10,2024-09-28
107512971,1,3,6,2022-06-14,2022-11-21
107585022,,0,0,2022-06-15,2023-02-24
107635733,10,0,0,2022-06-16,2022-09-07
107696484,2,0,0,2022-06-17,2024-10-02
107720492,0,1,1,2022-06-17,2024-05-01
107857536,,42,71,2022-06-20,2024-06-20
107879968,0,0,3,2022-06-20,2024-10-13
107892569,0,0,3,2022-06-20,2024-09-19
107927131,0,0,0,2022-06-21,2022-06-21
108019442,1,0,0,2022-06-22,2023-10-14
108148355,0,0,1,2022-06-24,2023-08-19
108157770,0,4,7,2022-06-24,2022-06-25
108205053,0,1,10,2022-06-26,2022-07-11
108238845,0,7,12,2022-06-26,2024-12-27
108260309,0,12,7,2022-06-27,2024-12-02
108373290,0,0,1,2022-06-28,2025-01-03
108406340,,0,0,2022-06-29,2024-10-14
108536510,0,2,6,2022-07-01,2025-01-02
108551667,0,13,18,2022-07-01,2025-01-13
109064412,0,2,3,2022-07-11,2024-08-16
109345293,,0,0,2022-07-15,2024-01-13
109437096,0,0,0,2022-07-16,2022-07-16
109465403,0,2,2,2022-07-17,2022-09-26
109630558,,9,13,2022-07-19,2025-01-06
109742309,0,0,1,2022-07-21,2024-12-26
109754971,0,0,1,2022-07-21,2022-08-15
109807119,,0,0,2022-07-22,2023-02-25
109867297,0,0,0,2022-07-23,2022-07-23
109898967,,0,0,2022-07-24,2022-07-24
110171878,0,0,0,2022-07-28,2024-06-17
110239586,0,0,0,2022-07-29,2024-10-28
110357194,0,9,13,2022-07-31,2024-12-12
110467069,0,1,2,2022-08-02,2024-05-30
110594009,0,0,1,2022-08-04,2024-05-12
110641442,,3,6,2022-08-04,2023-03-28
110737595,,0,0,2022-08-06,2024-09-14
110965347,,0,2,2022-08-10,2025-01-10
111236268,0,14,17,2022-08-14,2025-01-11
111282086,0,1,1,2022-08-15,2024-02-09
111422543,0,0,0,2022-08-17,2024-12-15
111529103,0,1,4,2022-08-18,2024-05-13
111540441,0,0,0,2022-08-18,2024-08-31
111643971,0,5,6,2022-08-20,2024-09-17
111657806,0,0,0,2022-08-20,2022-09-08
111703423,0,8,4,2022-08-21,2024-11-20
111869794,0,0,0,2022-08-23,2023-02-14
111889966,0,11,14,2022-08-23,2025-01-10
111966243,0,6,7,2022-08-24,2025-01-03
111978180,0,12,14,2022-08-24,2024-11-19
111979743,6,0,0,2022-08-24,2022-09-09
112113509,1,1,1,2022-08-25,2024-07-06
112127605,0,4,14,2022-08-25,2025-01-14
112282376,0,0,0,2022-08-27,2022-08-27
112484794,0,1,2,2022-08-30,2023-03-07
112612898,0,4,4,2022-09-01,2024-04-26
112618892,0,0,4,2022-09-01,2025-01-06
112628370,,0,0,2022-09-01,2022-10-19
112873951,0,0,0,2022-09-05,2022-12-09
112881336,0,8,7,2022-09-05,2024-04-17
112904406,0,5,46,2022-09-05,2025-01-09
113028758,0,0,0,2022-09-07,2024-11-17
113104956,1,4,7,2022-09-08,2024-11-29
113141559,0,2,4,2022-09-08,2025-01-09
113183818,0,1,2,2022-09-09,2024-11-06
113478600,0,0,10,2022-09-13,2025-01-01
113804714,0,1,8,2022-09-17,2025-01-12
114033195,,17,16,2022-09-20,2024-07-14
114066568,0,0,0,2022-09-21,2022-12-06
114441201,,0,0,2022-09-26,2023-03-17
114454718,,0,1,2022-09-27,2024-11-29
114903539,0,0,0,2022-10-03,2024-02-14
115040468,0,2,0,2022-10-04,2022-11-03
115096329,0,0,0,2022-10-05,2022-10-05
115100941,0,0,0,2022-10-05,2025-01-12
115115795,0,0,0,2022-10-05,2023-08-15
115420604,0,0,0,2022-10-09,2024-12-23
115462817,0,3,8,2022-10-10,2024-05-26
115704072,0,0,0,2022-10-13,2022-10-13
115946994,0,0,0,2022-10-16,2022-10-16
115969804,0,0,0,2022-10-17,2023-05-08
116082157,0,0,1,2022-10-18,2024-12-17
116220482,0,1,7,2022-10-19,2025-01-08
116349074,0,0,0,2022-10-21,2024-11-21
116496010,0,0,0,2022-10-23,2024-08-22
116520003,0,1,3,2022-10-23,2024-06-07
116721329,0,1,1,2022-10-26,2024-10-15
117306684,0,0,0,2022-11-02,2024-09-18
117580376,0,0,1,2022-11-06,2022-11-07
117710430,,3,17,2022-11-08,2024-12-19
117731980,3,0,0,2022-11-08,2023-11-30
117732437,0,1,1,2022-11-08,2025-01-01
118057467,0,1,7,2022-11-12,2025-01-09
118198725,0,0,0,2022-11-14,2024-11-08
118315018,0,0,0,2022-11-15,2024-11-15
118822200,0,0,0,2022-11-22,2022-12-04
118887085,0,1,3,2022-11-23,2023-01-30
118964737,0,0,0,2022-11-24,2024-03-28
119008217,0,2,2,2022-11-24,2023-12-05
119246111,,2,3,2022-11-27,2023-02-15
119289004,0,2,2,2022-11-28,2024-06-14
119500351,8,0,1,2022-11-30,2022-11-30
119581920,0,0,0,2022-12-01,2022-12-09
119706846,2,0,1,2022-12-02,2024-11-02
119797490,0,3,2,2022-12-04,2024-11-16
120392209,0,1,2,2022-12-12,2023-07-18
120456687,0,0,0,2022-12-13,2022-12-13
120567604,0,0,1,2022-12-14,2024-07-03
121355275,0,4,6,2022-12-24,2024-11-07
121378751,0,4,4,2022-12-25,2024-05-06
121476468,0,0,1,2022-12-27,2023-03-05
121721488,0,0,0,2022-12-31,2025-01-02
121976617,0,9,21,2023-01-04,2024-05-07
122230580,0,0,0,2023-01-08,2023-01-08
122802517,0,1,3,2023-01-16,2024-08-18
122971587,0,3,4,2023-01-18,2025-01-06
123266117,0,5,4,2023-01-21,2024-11-26
123398219,0,5,11,2023-01-23,2024-11-14
123599022,0,9,7,2023-01-25,2025-01-07
123640628,0,0,1,2023-01-26,2023-02-05
123672254,0,0,0,2023-01-26,2023-01-27
123736124,0,1,13,2023-01-27,2024-12-28
123744289,1,0,0,2023-01-27,2024-10-31
123747730,0,2,1,2023-01-27,2024-07-25
123754956,0,0,0,2023-01-27,2023-02-26
123808258,,0,0,2023-01-28,2024-03-31
123963510,0,0,1,2023-01-30,2023-10-11
124239244,0,0,0,2023-02-02,2025-01-13
124932410,0,8,12,2023-02-09,2025-01-07
125027659,0,35,43,2023-02-10,2025-01-12
125496993,0,1,3,2023-02-15,2024-12-30
125576166,0,3,3,2023-02-16,2024-09-17
125879332,0,0,0,2023-02-20,2023-02-20
126088444,0,0,0,2023-02-22,2023-10-24
126192030,0,0,30,2023-02-23,2024-04-03
126565503,0,0,0,2023-02-28,2023-02-28
127418194,0,1,13,2023-03-09,2024-02-08
127532584,0,0,0,2023-03-10,2024-11-14
127592858,0,0,1,2023-03-11,2024-11-29
127593376,1,0,3,2023-03-11,2023-12-29
127841896,0,0,0,2023-03-14,2024-06-24
128046368,0,0,0,2023-03-16,2024-09-07
128054999,0,1,1,2023-03-16,2023-08-14
128285288,0,0,1,2023-03-19,2023-04-12
128601435,0,0,0,2023-03-22,2023-03-22
128728895,0,5,4,2023-03-23,2024-12-28
128734814,1,0,0,2023-03-23,2023-03-23
128756647,0,0,1,2023-03-23,2023-05-24
129205812,,0,0,2023-03-28,2023-10-13
129493908,0,1,1,2023-03-31,2025-01-06
129604443,,0,0,2023-04-01,2023-04-01
129623895,0,0,0,2023-04-01,2024-09-16
129735870,,0,0,2023-04-03,2023-04-06
129966675,0,0,9,2023-04-05,2024-11-21
130066304,0,3,5,2023-04-06,2024-08-19
130441799,0,0,1,2023-04-11,2023-11-23
130564660,0,0,0,2023-04-12,2023-04-12
130653731,0,3,6,2023-04-13,2024-10-31
130745164,0,2,4,2023-04-14,2024-07-09
132302370,0,1,4,2023-05-01,2025-01-11
132607798,0,2,2,2023-05-04,2023-05-30
133053887,0,0,0,2023-05-09,2024-12-15
133059690,1,1,1,2023-05-09,2024-11-22
133212597,,2,14,2023-05-11,2024-11-23
136461003,1,2,12,2023-06-13,2024-06-11
136518831,0,0,0,2023-06-13,2023-06-14
137000795,,0,0,2023-06-18,2023-06-18
137181647,0,1,1,2023-06-20,2024-10-25
137657521,,0,0,2023-06-24,2023-10-21
137825945,,8,3,2023-06-26,2024-02-12
138121865,,0,0,2023-06-29,2023-06-29
138620901,,0,0,2023-07-04,2025-01-07
139594168,,0,0,2023-07-14,2024-02-15
139708225,0,1,1,2023-07-16,2024-06-05
140601608,0,0,0,2023-07-26,2024-11-18
141511728,1,0,0,2023-08-05,2024-12-30
142120569,0,2,3,2023-08-12,2024-09-12
142754653,,0,0,2023-08-20,2024-11-14
143124692,,1,4,2023-08-24,2023-08-24
144334141,,4,1,2023-09-07,2024-12-20
145675987,,4,3,2023-09-21,2024-12-24
145770403,,0,0,2023-09-22,2023-10-27
146007840,,0,0,2023-09-25,2024-09-04
146373799,,0,0,2023-09-28,2023-09-28
146567901,8,3,10,2023-09-30,2023-10-07
147447200,1,0,5,2023-10-09,2024-12-17
147927912,,1,0,2023-10-14,2024-06-15
148426484,0,0,0,2023-10-19,2024-12-02
149100024,,0,0,2023-10-26,2023-11-03
149712503,,0,0,2023-11-02,2024-06-30
149876997,,0,0,2023-11-04,2025-01-04
149966950,0,0,1,2023-11-05,2025-01-13
150170454,,0,1,2023-11-07,2023-12-09
150203333,,0,0,2023-11-08,2023-11-08
152064707,,0,0,2023-11-26,2024-08-05
152652673,0,0,1,2023-12-01,2024-12-21
153447751,0,0,1,2023-12-10,2023-12-10
156146626,0,0,0,2024-01-10,2024-12-29
158310002,,0,0,2024-01-31,2024-01-31
158599074,,0,0,2024-02-02,2024-02-02
159538875,,0,3,2024-02-09,2025-01-02
159833173,,0,0,2024-02-12,2024-02-12
161128312,5,2,4,2024-02-24,2024-03-31
161218651,0,0,0,2024-02-25,2024-02-25
163127443,0,0,6,2024-03-12,2024-11-22
164799434,,0,0,2024-03-24,2024-04-01
165147195,0,0,2,2024-03-27,2024-04-10
169043326,,1,1,2024-05-06,2025-01-07
170897253,3,0,0,2024-05-26,2024-05-26
171516661,5,0,0,2024-06-02,2024-06-03
171572856,0,0,0,2024-06-03,2024-07-08
172770353,0,8,3,2024-06-14,2024-06-14
174491130,0,0,0,2024-07-02,2024-07-10
174589498,1,0,0,2024-07-03,2024-10-28
176061662,0,0,0,2024-07-19,2024-09-08
176290394,,1,2,2024-07-22,2025-01-01
176817262,,0,0,2024-07-28,2024-07-28
178018027,,0,0,2024-08-10,2024-08-10
180350015,,0,1,2024-09-03,2024-11-27
182344637,,2,2,2024-09-21,2024-09-21
183834979,,0,0,2024-10-04,2024-10-04
187851447,,0,1,2024-11-09,2025-01-01
190247920,,0,1,2024-12-01,2024-12-23
190842527,,0,0,2024-12-06,2025-01-10
190949674,0,0,0,2024-12-07,2024-12-08
191799226,0,0,0,2024-12-15,2024-12-16
192574184,0,0,0,2024-12-23,2025-01-03
192975592,,1,8,2024-12-27,2024-12-31
193022281,0,0,0,2024-12-27,2024-12-28
